day_local,temp_daily_min,temp_daily_max,pressure_min,pressure_max,clouds_min,clouds_max
2014-01-06,2.7800000000000296,9.0,985.0,994.0,40.0,90.0
2014-01-07,6.110000000000014,9.0,987.0,996.0,75.0,92.0
2014-01-08,5.560000000000002,8.330000000000041,993.0,1002.0,75.0,92.0
2014-01-09,2.2200000000000273,7.0,991.0,1002.0,20.0,92.0
2014-01-10,1.1100000000000136,7.0,994.0,1003.0,40.0,92.0
2014-01-11,1.1100000000000136,7.0,1000.0,1010.0,20.0,81.0
2014-01-12,-2.2199999999999704,7.0,1005.0,1016.0,0.0,92.0
2014-01-13,-5.0,8.742999999999995,997.0,1017.0,40.0,92.0
2014-01-14,-2.7799999999999727,4.0,1004.0,1009.0,0.0,92.0
2014-01-15,-0.039499999999975444,5.0,1002.0,1014.0,0.0,92.0
2014-01-16,0.5600000000000023,5.0,998.0,1008.0,40.0,92.0
2014-01-17,-0.5600000000000023,8.742999999999995,997.0,999.0,40.0,92.0
2014-01-18,-1.1099999999999568,8.742999999999995,997.0,1001.0,40.0,92.0
2014-01-19,-1.1099999999999568,8.742999999999995,997.0,1012.0,0.0,92.0
2014-01-20,-1.1099999999999568,2.7800000000000296,1011.0,1017.0,75.0,92.0
2014-01-21,-2.2199999999999704,1.670000000000016,1014.0,1024.0,40.0,92.0
2014-01-22,-2.7799999999999727,2.2200000000000273,1014.0,1023.0,58.0,92.0
2014-01-23,-2.7799999999999727,2.2200000000000273,1012.0,1022.0,40.0,92.0
2014-01-24,-3.329999999999984,8.742999999999995,997.0,1025.0,20.0,92.0
2014-01-25,-2.7799999999999727,1.1100000000000136,1005.0,1022.0,75.0,92.0
2014-01-26,-3.8899999999999864,1.1100000000000136,996.0,1016.0,20.0,92.0
2014-01-27,-2.7799999999999727,2.2200000000000273,994.0,997.0,20.0,75.0
2014-01-28,-0.5600000000000023,5.0,997.0,1009.0,0.0,75.0
2014-01-29,-2.2199999999999704,3.330000000000041,1010.0,1018.0,0.0,90.0
2014-01-30,-3.8899999999999864,1.1100000000000136,1016.0,1018.0,0.0,75.0
2014-01-31,-2.2199999999999704,2.2200000000000273,1000.0,1016.0,0.0,0.0
2014-02-01,-0.5600000000000023,5.560000000000002,986.0,999.0,0.0,0.0
2014-02-02,3.330000000000041,8.330000000000041,988.0,1005.0,0.0,75.0
2014-02-03,2.7800000000000296,7.78000000000003,1006.0,1014.0,20.0,75.0
2014-02-04,1.1100000000000136,7.220000000000027,1002.0,1012.0,0.0,75.0
2014-02-05,2.2200000000000273,8.330000000000041,991.0,1003.0,0.0,75.0
2014-02-06,1.670000000000016,7.78000000000003,985.0,990.0,20.0,75.0
2014-02-07,1.670000000000016,6.670000000000016,977.0,989.0,75.0,75.0
2014-02-08,1.670000000000016,7.220000000000027,975.0,984.0,40.0,75.0
2014-02-09,3.330000000000041,7.78000000000003,971.0,975.0,75.0,75.0
2014-02-10,3.330000000000041,7.0,975.0,995.0,75.0,75.0
2014-02-11,1.1100000000000136,8.330000000000041,986.0,996.0,20.0,75.0
2014-02-12,0.5600000000000023,5.560000000000002,982.0,991.0,20.0,75.0
2014-02-13,1.1100000000000136,6.110000000000014,972.0,982.0,75.0,75.0
2014-02-14,2.7800000000000296,10.0,982.0,994.0,40.0,75.0
2014-02-15,1.670000000000016,8.330000000000041,969.0,989.0,20.0,90.0
2014-02-16,3.330000000000041,6.670000000000016,973.0,994.0,40.0,90.0
2014-02-17,2.0,6.0,994.0,1010.0,40.0,75.0
2014-02-18,2.0,4.0,1004.0,1010.0,40.0,90.0
2014-02-19,1.0,3.0,1003.0,1007.0,75.0,90.0
2014-02-20,1.0,5.0,991.0,1007.0,40.0,90.0
2014-02-21,3.0,6.0,990.0,993.0,40.0,75.0
2014-02-22,3.0,7.0,990.0,1001.0,40.0,75.0
2014-02-23,5.0,8.0,999.0,1002.0,20.0,90.0
2014-02-24,6.0,10.0,1001.0,1005.0,75.0,90.0
2014-02-25,6.0,11.0,1002.0,1005.0,20.0,90.0
2014-02-26,6.0,8.0,1005.0,1010.0,40.0,75.0
2014-02-27,6.0,8.0,1001.0,1009.0,40.0,75.0
2014-02-28,4.0,7.0,1001.0,1004.0,20.0,90.0
2014-03-01,2.0,7.0,1003.0,1004.0,0.0,90.0
2014-03-02,3.0,6.0,992.0,1002.0,40.0,75.0
2014-03-03,5.0,8.0,992.0,996.0,0.0,75.0
2014-03-04,3.3503333000000453,8.0,997.0,1020.0,0.0,75.0
2014-03-05,3.1706667000000266,9.0,1009.0,1021.0,16.0,75.0
2014-03-06,6.0,7.0,1013.0,1017.0,75.0,90.0
2014-03-07,5.0,8.0,1003.0,1015.0,40.0,90.0
2014-03-08,5.0,8.0,1017.0,1025.0,0.0,75.0
2014-03-09,7.0,10.0,1015.0,1020.0,20.0,75.0
2014-03-10,3.0,7.0,1020.0,1034.0,0.0,75.0
2014-03-11,-1.0,9.0,1035.0,1038.0,0.0,90.0
2014-03-12,0.0,9.0,1030.0,1037.0,0.0,90.0
2014-03-13,1.0,8.0,1024.0,1029.0,0.0,90.0
2014-03-14,3.0,7.0,996.0,1027.0,20.0,90.0
2014-03-15,4.0,6.0,997.0,1009.0,20.0,90.0
2014-03-16,4.439999999999998,7.220000000000027,997.0,1001.0,75.0,90.0
2014-03-17,1.670000000000016,7.0,1000.0,1006.0,75.0,75.0
2014-03-18,2.7800000000000296,7.220000000000027,1000.0,1004.0,75.0,90.0
2014-03-19,3.890000000000043,8.0,997.0,1001.0,0.0,90.0
2014-03-20,5.560000000000002,8.330000000000041,987.0,1001.0,75.0,90.0
2014-03-21,3.890000000000043,8.0,988.0,995.0,20.0,75.0
2014-03-22,1.0,7.78000000000003,986.0,995.0,20.0,90.0
2014-03-23,1.1100000000000136,8.0,990.0,1002.0,40.0,75.0
2014-03-24,1.670000000000016,9.439999999999998,1003.0,1013.0,0.0,75.0
2014-03-25,-1.0,11.110000000000014,1013.0,1022.0,0.0,40.0
2014-03-26,2.2200000000000273,10.0,1020.0,1028.0,0.0,75.0
2014-03-27,0.5600000000000023,12.220000000000027,1024.0,1028.0,0.0,75.0
2014-03-28,4.439999999999998,14.439999999999998,1025.0,1029.0,0.0,75.0
2014-03-29,1.670000000000016,16.110000000000014,1025.0,1028.0,0.0,0.0
2014-03-30,-0.5600000000000023,12.78000000000003,1019.0,1024.0,0.0,90.0
2014-03-31,0.0,14.439999999999998,1015.0,1019.0,0.0,90.0
2014-04-01,-0.5600000000000023,12.0,1015.0,1017.0,0.0,0.0
2014-04-02,1.0,12.220000000000027,1011.0,1016.0,0.0,0.0
2014-04-03,-1.1099999999999568,12.78000000000003,1010.0,1014.0,0.0,0.0
2014-04-04,0.5600000000000023,13.330000000000041,1014.0,1015.0,0.0,0.0
2014-04-05,3.890000000000043,8.0,1009.0,1014.0,0.0,75.0
2014-04-06,5.560000000000002,13.0,1004.0,1010.0,75.0,75.0
2014-04-07,7.0,14.0,1001.0,1008.0,20.0,75.0
2014-04-08,5.0,12.220000000000027,996.0,1008.0,75.0,75.0
2014-04-09,3.330000000000041,13.330000000000041,1009.0,1017.0,20.0,75.0
2014-04-10,3.330000000000041,10.0,1015.0,1017.0,0.0,75.0
2014-04-11,4.439999999999998,10.0,1015.0,1017.0,20.0,75.0
2014-04-12,4.439999999999998,8.0,1001.0,1015.0,0.0,90.0
2014-04-13,3.890000000000043,8.0,1000.0,1004.0,40.0,75.0
2014-04-14,1.670000000000016,9.439999999999998,999.0,1019.0,20.0,75.0
2014-04-15,0.5600000000000023,13.890000000000043,1019.0,1035.0,0.0,20.0
2014-04-16,2.2200000000000273,10.0,1020.0,1028.0,0.0,75.0
2014-04-17,4.439999999999998,7.220000000000027,1000.0,1019.0,75.0,75.0
2014-04-18,2.7800000000000296,15.0,1004.0,1022.0,0.0,75.0
2014-04-19,1.670000000000016,14.439999999999998,1022.0,1026.0,0.0,20.0
2014-04-20,3.0,15.560000000000002,1019.0,1029.0,0.0,0.0
2014-04-21,5.0,21.110000000000014,1016.0,1020.0,0.0,0.0
2014-04-22,10.0,19.439999999999998,1017.0,1019.0,0.0,0.0
2014-04-23,11.670000000000016,17.78000000000003,1019.0,1027.0,0.0,75.0
2014-04-24,6.670000000000016,13.0,1026.0,1028.0,0.0,75.0
2014-04-25,6.110000000000014,19.439999999999998,1019.0,1025.0,0.0,75.0
2014-04-26,8.330000000000041,21.670000000000016,1014.0,1019.0,0.0,75.0
2014-04-27,7.0,21.670000000000016,1013.0,1014.0,0.0,0.0
2014-04-28,6.0,18.890000000000043,1014.0,1015.0,0.0,90.0
2014-04-29,2.7800000000000296,12.708666700000038,1013.0,1025.0,0.0,90.0
2014-04-30,2.4220000000000255,8.38966670000002,1022.0,1025.0,0.0,32.0
2014-05-01,-0.2959999999999354,8.232666700000038,1024.0,1032.0,0.0,37.0
2014-05-02,-2.451999999999998,9.400333300000057,1032.0,1037.0,0.0,0.0
2014-05-03,2.472000000000037,7.254000000000019,1034.0,1038.0,0.0,73.0
2014-05-04,2.0723333000000252,9.439999999999998,1018.0,1034.0,20.0,76.0
2014-05-05,5.0,10.0,1010.0,1018.0,20.0,92.0
2014-05-06,7.220000000000027,11.110000000000014,1001.0,1017.0,40.0,92.0
2014-05-07,7.220000000000027,14.0,1000.0,1003.0,64.0,92.0
2014-05-08,5.560000000000002,12.220000000000027,1000.0,1003.0,24.0,92.0
2014-05-09,5.560000000000002,11.110000000000014,1001.0,1005.0,8.0,92.0
2014-05-10,1.670000000000016,14.0,995.0,1010.0,0.0,92.0
2014-05-11,8.330000000000041,13.0,990.0,996.0,75.0,92.0
2014-05-12,7.220000000000027,13.330000000000041,996.0,1014.0,20.0,88.0
2014-05-13,6.110000000000014,12.0,1004.0,1021.0,8.0,92.0
2014-05-14,5.560000000000002,12.0,1015.0,1040.0,0.0,75.0
2014-05-15,1.1100000000000136,11.0,1028.0,1043.0,0.0,92.0
2014-05-16,8.330000000000041,16.670000000000016,1023.0,1031.0,8.0,92.0
2014-05-17,10.0,15.0,1017.0,1023.0,0.0,75.0
2014-05-18,10.0,21.110000000000014,1012.0,1018.0,0.0,20.0
2014-05-19,8.0,17.0,1012.0,1014.0,0.0,80.0
2014-05-20,8.0,17.78000000000003,1011.0,1015.0,0.0,40.0
2014-05-21,10.0,20.0,1009.0,1014.0,0.0,88.0
2014-05-22,12.0,22.0,1003.0,1010.0,20.0,90.0
2014-05-23,12.0,16.0,1008.0,1011.0,20.0,75.0
2014-05-24,11.0,17.220000000000027,1011.0,1016.0,0.0,90.0
2014-05-25,7.78000000000003,17.78000000000003,1013.0,1021.0,0.0,75.0
2014-05-26,8.330000000000041,18.33000000000004,1022.0,1025.0,0.0,75.0
2014-05-27,8.890000000000043,23.890000000000043,1020.0,1022.0,0.0,20.0
2014-05-28,10.560000000000002,23.890000000000043,1021.0,1024.0,0.0,0.0
2014-05-29,8.0,22.78000000000003,1023.0,1025.0,0.0,20.0
2014-05-30,7.78000000000003,21.110000000000014,1019.0,1023.0,0.0,75.0
2014-05-31,8.890000000000043,18.33000000000004,1017.0,1019.0,0.0,75.0
2014-06-01,7.220000000000027,17.220000000000027,1019.0,1021.0,0.0,75.0
2014-06-02,7.0,19.439999999999998,1018.0,1021.0,0.0,90.0
2014-06-03,8.0,20.560000000000002,1013.0,1020.0,0.0,76.0
2014-06-04,10.560000000000002,19.0,1010.0,1019.0,12.0,88.0
2014-06-05,13.330000000000041,18.33000000000004,1005.0,1010.0,20.0,92.0
2014-06-06,11.110000000000014,17.220000000000027,1007.0,1016.0,0.0,75.0
2014-06-07,7.78000000000003,20.0,1015.0,1017.0,0.0,20.0
2014-06-08,10.560000000000002,20.0,1014.0,1020.0,0.0,80.0
2014-06-09,9.439999999999998,21.670000000000016,1019.0,1022.0,0.0,76.0
2014-06-10,12.0,25.0,1015.0,1031.0,0.0,86.0
2014-06-11,13.890000000000043,19.0,1016.0,1034.0,0.0,88.0
2014-06-12,10.560000000000002,15.0,1021.0,1036.0,40.0,92.0
2014-06-13,9.960333300000059,16.208666700000038,1018.0,1034.0,0.0,92.0
2014-06-14,7.78000000000003,17.0,1018.0,1035.0,0.0,40.0
2014-06-15,8.574666700000023,16.2387157,1021.0,1035.0,0.0,75.0
2014-06-16,11.059666700000037,17.78000000000003,1020.0,1034.0,0.0,65.0
2014-06-17,7.87766670000002,16.186780500000054,1023.0,1036.0,0.0,44.0
2014-06-18,10.15233330000001,16.110000000000014,1020.0,1033.0,0.0,72.0
2014-06-19,9.439999999999998,15.0,1010.0,1024.0,0.0,92.0
2014-06-20,8.330000000000041,13.0,1013.0,1025.0,2.0,75.0
2014-06-21,8.330000000000041,13.330000000000041,1011.0,1024.0,0.0,82.0
2014-06-22,7.78000000000003,14.0,1013.0,1029.0,0.0,40.0
2014-06-23,7.220000000000027,14.0,1017.0,1031.0,2.0,92.0
2014-06-24,7.096000000000004,14.439999999999998,1018.0,1031.0,0.0,85.0
2014-06-25,6.110000000000014,16.359000000000037,1016.0,1031.0,0.0,0.0
2014-06-26,5.0,15.0,1014.0,1028.0,0.0,48.0
2014-06-27,9.439999999999998,13.805666700000017,1012.0,1027.0,0.0,76.0
2014-06-28,7.816000000000031,18.0,1009.0,1025.0,0.0,51.0
2014-06-29,9.612656399999992,16.0636667,1008.0,1021.0,0.0,75.0
2014-06-30,7.922666700000036,14.538333300000033,1009.0,1025.0,0.0,75.0
2014-07-01,8.519666700000016,17.195143200000018,1013.0,1027.0,4.0,75.0
2014-07-02,10.0,14.0,1013.0,1023.0,20.0,90.0
2014-07-03,11.707693500000005,16.0,1009.0,1022.0,20.0,76.0
2014-07-04,9.208594100000028,20.0,1003.0,1021.0,4.0,79.0
2014-07-05,15.33200000000005,22.0,999.0,1016.0,40.0,86.0
2014-07-06,12.0,20.0,1002.0,1008.0,75.0,90.0
2014-07-07,13.0,21.0,1003.0,1019.0,0.0,90.0
2014-07-08,10.0,20.0,1013.0,1019.0,0.0,75.0
2014-07-09,17.0,25.0,1012.0,1016.0,0.0,75.0
2014-07-10,15.0,29.0,1015.0,1019.0,0.0,40.0
2014-07-11,15.0,27.0,1018.0,1021.0,0.0,75.0
2014-07-12,18.0,23.0,1014.0,1018.0,0.0,75.0
2014-07-13,14.0,22.0,1005.0,1013.0,0.0,40.0
2014-07-14,16.0,20.0,1004.0,1009.0,0.0,78.0
2014-07-15,15.0,18.0,1007.0,1016.0,40.0,75.0
2014-07-16,13.890000000000043,18.33000000000004,1016.0,1020.0,20.0,75.0
2014-07-17,13.890000000000043,19.439999999999998,1017.0,1021.0,40.0,75.0
2014-07-18,11.110000000000014,20.560000000000002,1019.0,1021.0,0.0,75.0
2014-07-19,12.220000000000027,26.670000000000016,1016.0,1020.0,0.0,20.0
2014-07-20,17.220000000000027,29.0,1015.0,1017.0,0.0,75.0
2014-07-21,18.890000000000043,28.0,1016.0,1022.0,0.0,40.0
2014-07-22,17.0,27.78000000000003,1022.0,1026.0,0.0,20.0
2014-07-23,15.560000000000002,28.890000000000043,1024.0,1026.0,0.0,40.0
2014-07-24,17.220000000000027,27.220000000000027,1022.0,1036.0,0.0,56.0
2014-07-25,16.543666700000017,27.78000000000003,1020.0,1035.0,0.0,74.0
2014-07-26,16.670000000000016,27.220000000000027,1015.0,1020.0,0.0,75.0
2014-07-27,16.670000000000016,25.0,1012.0,1016.0,0.0,75.0
2014-07-28,14.638666699999987,21.759000000000015,1014.0,1028.0,0.0,58.0
2014-07-29,13.915999999999997,17.713000000000022,1022.0,1027.0,16.0,92.0
2014-07-30,14.374000000000024,19.0,1006.0,1022.0,75.0,92.0
2014-07-31,12.220000000000027,20.0,1005.0,1008.0,40.0,78.0
2014-08-01,12.78000000000003,22.78000000000003,1007.0,1011.0,40.0,75.0
2014-08-02,14.870999999999981,22.291666700000007,992.0,1023.0,0.0,75.0
2014-08-03,17.589000000000055,22.0,1008.0,1022.0,40.0,92.0
2014-08-04,13.0,22.0,1010.0,1019.0,20.0,75.0
2014-08-05,14.0,20.0,1015.0,1017.0,0.0,75.0
2014-08-06,12.0,22.0,1012.0,1015.0,0.0,75.0
2014-08-07,15.0,19.0,1010.0,1025.0,75.0,92.0
2014-08-08,14.964500000000044,19.638333300000056,1013.0,1026.0,4.0,75.0
2014-08-09,11.652666699999997,17.63766670000001,1007.0,1023.0,18.0,92.0
2014-08-10,13.302999999999997,17.874666700000034,1010.0,1021.0,32.0,92.0
2014-08-11,11.803666700000008,16.672000000000025,1005.0,1008.0,49.0,92.0
2014-08-12,11.171333300000015,11.854333300000008,1006.0,1009.0,92.0,92.0
2014-08-13,11.04133330000002,12.515666699999997,1008.0,1009.0,74.0,92.0
2014-08-14,9.590333300000054,17.165999999999997,1009.0,1017.0,2.0,80.0
2014-08-15,10.277666699999997,17.009000000000015,1017.0,1021.0,0.0,85.0
2014-08-16,11.487666700000034,12.90300000000002,1013.0,1022.0,82.0,92.0
2014-08-17,9.461500000000001,11.663666700000022,1005.0,1011.0,66.0,92.0
2014-08-18,8.509666700000025,13.359000000000037,1003.0,1005.0,62.0,92.0
2014-08-19,10.648000000000025,13.395000000000039,1004.0,1010.0,76.0,92.0
2014-08-20,10.457666700000004,12.216000000000008,1010.0,1017.0,92.0,92.0
2014-08-21,9.521000000000015,11.580000000000041,1017.0,1020.0,84.0,92.0
2014-08-22,7.150666699999988,11.765000000000043,1015.0,1019.0,48.0,92.0
2014-08-23,6.998333300000013,10.288000000000011,1015.0,1017.0,40.0,92.0
2014-08-24,9.238,9.9866667,1017.0,1022.0,80.0,92.0
2014-08-25,9.247666700000025,14.438666699999999,1021.0,1023.0,0.0,92.0
2014-08-26,5.946666700000037,17.137000000000057,1022.0,1025.0,0.0,5.0
2014-08-27,6.177333300000043,17.470000000000027,1025.0,1028.0,0.0,0.0
2014-08-28,7.7549999999999955,17.195333300000016,1026.0,1028.0,0.0,88.0
2014-08-29,10.461333300000035,14.211000000000013,1022.0,1026.0,32.0,92.0
2014-08-30,12.011333300000047,14.660666700000036,1021.0,1023.0,64.0,92.0
2014-08-31,8.559333300000048,16.310333300000025,1023.0,1032.0,0.0,92.0
2014-09-01,11.178666700000008,14.9506667,1033.0,1034.0,0.0,92.0
2014-09-02,11.632000000000005,14.492999999999995,1034.0,1039.0,36.0,92.0
2014-09-03,8.842666699999995,17.303666700000008,1039.0,1041.0,0.0,12.0
2014-09-04,7.120666700000015,17.522666700000002,1036.0,1041.0,4.0,53.0
2014-09-05,7.191000000000031,17.679333300000053,1029.0,1036.0,0.0,84.0
2014-09-06,9.926666699999998,14.898500000000013,1023.0,1029.0,46.0,92.0
2014-09-07,11.240000000000009,14.384666700000025,1023.0,1026.0,92.0,92.0
2014-09-08,6.281333300000028,13.715333300000054,1024.0,1024.0,4.0,92.0
2014-09-09,10.33333330000005,13.59333330000004,1024.0,1030.0,4.0,92.0
2014-09-10,8.021000000000015,17.40366670000003,1030.0,1035.0,0.0,41.0
2014-09-11,7.531333300000028,16.98866670000001,1035.0,1038.0,0.0,34.0
2014-09-12,8.59533330000005,17.681666699999994,1038.0,1041.0,0.0,88.0
2014-09-13,8.774000000000058,17.874000000000024,1041.0,1044.0,0.0,40.0
2014-09-14,7.874000000000024,18.461666700000023,1042.0,1044.0,0.0,13.0
2014-09-15,8.590333300000054,19.39366670000004,1039.0,1043.0,0.0,60.0
2014-09-16,13.421666700000003,18.68900000000002,1037.0,1040.0,0.0,41.0
2014-09-17,10.786333300000024,18.267000000000053,1036.0,1038.0,0.0,25.0
2014-09-18,6.6253333000000225,17.81566670000001,1033.0,1036.0,0.0,84.0
2014-09-19,9.382000000000005,18.928666700000008,1030.0,1033.0,0.0,58.0
2014-09-20,9.694666700000028,15.965000000000032,1026.0,1029.0,10.0,92.0
2014-09-21,9.581500000000005,13.37700000000001,1026.0,1029.0,0.0,90.0
2014-09-22,6.128333300000008,12.894000000000062,1029.0,1031.0,0.0,84.0
2014-09-23,3.2753333000000566,9.539000000000044,1022.0,1030.0,38.0,92.0
2014-09-24,8.615999999999985,11.318666699999994,1017.0,1022.0,77.0,92.0
2014-09-25,8.350333300000045,11.620333300000027,1017.0,1020.0,82.0,97.0
2014-09-26,9.610666700000024,12.532333300000005,1019.0,1026.0,92.0,92.0
2014-09-27,9.274000000000058,11.461333300000035,1026.0,1033.0,92.0,92.0
2014-09-28,10.141333300000042,12.517000000000053,1030.0,1032.0,82.0,92.0
2014-09-29,6.800999999999988,13.407666699999993,1031.0,1034.0,0.0,92.0
2014-09-30,6.134333300000037,15.08966670000001,1034.0,1037.0,0.0,73.0
2014-10-01,11.174000000000035,13.873333300000013,1033.0,1036.0,16.0,92.0
2014-10-02,4.802000000000021,11.629000000000019,1036.0,1041.0,0.0,76.0
2014-10-03,3.765000000000043,14.099333300000012,1030.0,1039.0,0.0,92.0
2014-10-04,13.305999999999983,14.97666670000001,1026.0,1030.0,66.0,88.0
2014-10-05,9.500333300000023,14.833000000000027,1025.0,1032.0,14.0,92.0
2014-10-06,10.11366670000001,13.196666700000037,1029.0,1032.0,0.0,69.0
2014-10-07,9.26400000000001,11.463666700000033,1003.0,1029.0,2.0,84.0
2014-10-08,9.227333300000055,11.446666700000037,1000.0,1012.0,58.0,92.0
2014-10-09,9.263333300000056,10.06933330000004,1003.0,1009.0,92.0,92.0
2014-10-10,8.997000000000014,9.527000000000044,1008.0,1022.0,92.0,92.0
2014-10-11,8.746500000000026,10.867999999999995,1022.0,1023.0,64.0,92.0
2014-10-12,7.151666700000021,8.983666700000015,1021.0,1025.0,89.0,92.0
2014-10-13,3.5850000000000364,9.926666699999998,1025.0,1026.0,0.0,92.0
2014-10-14,-0.1786666999999511,11.15300000000002,1025.0,1026.0,0.0,45.0
2014-10-15,-0.08866669999997612,10.250333300000023,1022.0,1026.0,0.0,10.0
2014-10-16,3.4136667000000216,8.370333300000027,1021.0,1022.0,0.0,58.0
2014-10-17,2.79200000000003,8.434333300000048,1021.0,1027.0,0.0,90.0
2014-10-18,4.355333300000041,12.515333300000009,1019.0,1028.0,12.0,92.0
2014-10-19,10.263666699999987,11.691666699999985,1007.0,1019.0,36.0,92.0
2014-10-20,7.567000000000007,10.478333300000031,1007.0,1015.0,64.0,92.0
2014-10-21,6.609666699999991,10.876666699999987,999.0,1015.0,61.0,92.0
2014-10-22,6.043333300000029,10.852000000000032,1002.0,1026.0,68.0,92.0
2014-10-23,5.869666700000039,10.049500000000023,1021.0,1027.0,89.0,92.0
2014-10-24,8.448333300000058,10.94233330000003,1020.0,1021.0,92.0,92.0
2014-10-25,7.84533330000005,9.048000000000002,1020.0,1021.0,92.0,92.0
2014-10-26,8.596333300000026,10.26466670000002,1018.0,1020.0,92.0,92.0
2014-10-27,9.869666700000039,12.20233330000002,1018.0,1021.0,92.0,92.0
2014-10-28,7.560000000000002,12.257666700000016,1014.0,1020.0,70.0,92.0
2014-10-29,3.2786667000000307,7.331000000000017,1016.0,1033.0,8.0,92.0
2014-10-30,1.2643333000000325,5.952666700000009,1033.0,1036.0,16.0,92.0
2014-10-31,5.537000000000035,10.387666700000011,1028.0,1034.0,78.0,92.0
2014-11-01,9.368666700000006,12.372000000000014,1021.0,1027.0,53.0,92.0
2014-11-02,8.47666670000001,10.684666700000037,1007.0,1021.0,68.0,92.0
2014-11-03,6.2713333000000375,8.702666700000009,998.0,1007.0,40.0,92.0
2014-11-04,5.963666700000033,6.701000000000022,998.0,1009.0,92.0,92.0
2014-11-05,2.122000000000014,6.538333300000033,1010.0,1024.0,0.0,92.0
2014-11-06,1.4663333000000307,3.638333300000056,1022.0,1025.0,0.0,34.0
2014-11-07,1.5116667000000348,7.305000000000007,1009.0,1021.0,8.0,88.0
2014-11-08,6.829666700000018,7.668333300000029,1008.0,1017.0,56.0,92.0
2014-11-09,7.524000000000058,9.609000000000037,1016.0,1018.0,66.0,92.0
2014-11-10,3.3233333000000584,9.202666700000009,1016.0,1018.0,28.0,92.0
2014-11-11,0.8653333000000316,7.197666700000013,1018.0,1025.0,2.0,48.0
2014-11-12,7.001000000000033,10.180999999999983,1021.0,1025.0,8.0,92.0
2014-11-13,7.097666699999991,10.108000000000004,1023.0,1029.0,56.0,92.0
2014-11-14,7.449000000000012,8.915999999999997,1027.0,1030.0,0.0,56.0
2014-11-15,8.554666699999984,10.199000000000012,1024.0,1027.0,5.0,85.0
2014-11-16,7.358000000000004,8.564333300000044,1025.0,1026.0,0.0,68.0
2014-11-17,4.7970000000000255,7.645000000000039,1026.0,1032.0,0.0,92.0
2014-11-18,3.3013333000000102,6.440666700000008,1033.0,1038.0,12.0,92.0
2014-11-19,-1.2593332999999802,4.173500000000047,1038.0,1045.0,0.0,86.0
2014-11-20,-1.5866666999999666,3.705000000000041,1044.0,1045.0,0.0,90.0
2014-11-21,-2.7573332999999707,1.577000000000055,1039.0,1044.0,2.0,92.0
2014-11-22,-4.075333300000011,4.471666700000014,1032.0,1039.0,5.0,92.0
2014-11-23,4.646500000000003,7.395333300000061,1021.0,1032.0,92.0,92.0
2014-11-24,4.65566670000004,6.4586667000000375,1022.0,1033.0,84.0,92.0
2014-11-25,2.406000000000006,5.585333300000059,1034.0,1038.0,50.0,92.0
2014-11-26,-0.09299999999996089,4.483666700000015,1032.0,1038.0,28.0,92.0
2014-11-27,3.665333300000043,4.3893333000000325,1029.0,1032.0,50.0,92.0
2014-11-28,3.727333300000055,5.688333300000011,1032.0,1039.0,68.0,92.0
2014-11-29,2.4436666999999943,3.564666700000032,1035.0,1039.0,64.0,92.0
2014-11-30,2.9803333000000407,4.220000000000027,1031.0,1036.0,66.0,92.0
2014-12-01,2.265000000000043,3.8793333000000416,1030.0,1036.0,4.0,84.0
2014-12-02,-0.09399999999999409,3.5253333000000566,1029.0,1036.0,4.0,92.0
2014-12-03,-4.259666699999968,3.0933333000000403,1036.0,1037.0,0.0,92.0
2014-12-04,0.6535000000000082,2.8826667000000157,1031.0,1036.0,54.0,85.0
2014-12-05,1.6000000000000227,3.679333300000053,1023.0,1030.0,82.0,92.0
2014-12-06,1.742999999999995,6.552999999999997,1019.0,1030.0,40.0,92.0
2014-12-07,1.9800000000000182,6.867000000000019,1010.0,1018.0,88.0,92.0
2014-12-08,1.3600000000000136,2.533333300000038,1010.0,1022.0,38.0,90.0
2014-12-09,0.8840000000000146,5.109000000000037,1006.0,1029.0,70.0,92.0
2014-12-10,2.077666700000009,6.088000000000022,995.0,1006.0,80.0,92.0
2014-12-11,1.6663333000000193,3.0066667000000393,993.0,996.0,88.0,92.0
2014-12-12,-1.3436666999999716,2.5710000000000264,993.0,996.0,42.0,92.0
2014-12-13,-0.3823332999999707,2.7456667000000152,995.0,1013.0,88.0,92.0
2014-12-14,1.7010000000000218,5.885333300000013,1001.0,1012.0,73.0,92.0
2014-12-15,1.1020000000000323,4.8823333000000275,1001.0,1009.0,34.0,92.0
2014-12-16,0.9853333000000362,4.045666700000027,1005.0,1009.0,88.0,92.0
2014-12-17,1.7170000000000414,4.935000000000002,1005.0,1009.0,72.0,92.0
2014-12-18,4.60166670000001,5.175999999999988,1001.0,1006.0,92.0,92.0
2014-12-19,2.2606667000000016,4.964666700000009,1000.0,1002.0,37.0,92.0
2014-12-20,1.2840000000000487,3.283333300000038,1001.0,1024.0,53.0,88.0
2014-12-21,1.8810000000000286,7.550000000000011,1007.0,1026.0,70.0,92.0
2014-12-22,4.397000000000048,6.786666700000012,1006.0,1007.0,92.0,92.0
2014-12-23,3.6633333000000334,4.340666699999986,1006.0,1010.0,92.0,92.0
2014-12-24,-1.7696666999999593,3.83133330000004,1010.0,1018.0,78.0,92.0
2014-12-25,-6.439666699999975,-1.8589999999999804,1019.0,1038.0,0.0,92.0
2014-12-26,-6.960333300000002,0.6200000000000045,1027.0,1038.0,0.0,92.0
2014-12-27,-9.922499999999957,-0.05133330000001024,1026.0,1034.0,0.0,74.0
2014-12-28,-13.007000000000005,1.8629999999999995,1035.0,1040.0,0.0,92.0
2014-12-29,-1.7186666999999716,4.572000000000003,1040.0,1042.0,54.0,92.0
2014-12-30,3.1200000000000045,4.748666700000001,1037.0,1042.0,45.0,92.0
2014-12-31,2.182666700000027,5.090333300000054,1033.0,1037.0,82.0,92.0
2015-01-01,4.174000000000035,8.137000000000057,1009.0,1032.0,92.0,92.0
2015-01-02,2.4193333000000052,7.7830000000000155,1003.0,1016.0,88.0,92.0
2015-01-03,1.0055000000000405,2.717666699999995,1016.0,1025.0,82.0,92.0
2015-01-04,0.6386666999999875,2.785000000000025,1026.0,1036.0,88.0,92.0
2015-01-05,0.7073333000000162,3.739500000000021,1032.0,1035.0,72.0,92.0
2015-01-06,3.6305000000000405,5.260500000000036,1020.0,1032.0,77.0,92.0
2015-01-07,2.581666700000028,5.690666700000008,1013.0,1027.0,82.0,92.0
2015-01-08,2.76400000000001,6.187999999999988,1011.0,1017.0,88.0,92.0
2015-01-09,1.0629999999999882,3.0343333000000143,994.0,1017.0,88.0,92.0
2015-01-10,1.446333300000049,5.399333300000023,986.0,1008.0,88.0,92.0
2015-01-11,0.8983333000000471,2.813500000000033,996.0,1008.0,88.0,92.0
2015-01-12,2.432333300000039,5.439666700000032,995.0,1005.0,46.0,92.0
2015-01-13,0.616333300000008,3.2263333000000216,999.0,1002.0,30.0,92.0
2015-01-14,0.6253333000000225,1.573000000000036,999.0,1005.0,82.0,92.0
2015-01-15,1.3360000000000127,4.486666700000001,986.0,1003.0,89.0,92.0
2015-01-16,1.344000000000051,3.876666699999987,983.0,1005.0,90.0,92.0
2015-01-17,1.3066666999999939,2.650666699999988,1006.0,1014.0,89.0,92.0
2015-01-18,-0.3979999999999677,2.532666699999993,1014.0,1023.0,68.0,92.0
2015-01-19,-5.615333299999975,-0.30299999999999727,1023.0,1028.0,0.0,68.0
2015-01-20,-1.5854999999999677,1.0083333000000607,1026.0,1027.0,0.0,68.0
2015-01-21,-2.0806666999999948,0.3009999999999877,1026.0,1034.0,0.0,88.0
2015-01-22,-7.133666699999992,-1.835999999999956,1034.0,1037.0,2.0,62.0
2015-01-23,-7.351333299999965,2.8465000000000487,1018.0,1036.0,9.0,92.0
2015-01-24,1.2230000000000132,3.521000000000015,1016.0,1027.0,88.0,92.0
2015-01-25,-0.16499999999996362,5.272333300000014,1024.0,1032.0,88.0,92.0
2015-01-26,2.248666700000001,5.590333300000054,1019.0,1024.0,68.0,92.0
2015-01-27,0.6345000000000027,4.447333300000025,1018.0,1027.0,37.0,92.0
2015-01-28,1.571333300000049,4.6456666999999925,983.0,1016.0,90.0,92.0
2015-01-29,-3.123333300000013,1.7140000000000555,980.0,982.0,13.0,92.0
2015-01-30,-4.565666699999952,1.1276667000000202,980.0,984.0,6.0,90.0
2015-01-31,-6.422333299999991,0.0516666999999984,985.0,998.0,0.0,92.0
2015-02-01,-7.505666699999949,-0.8689999999999714,997.0,1001.0,0.0,0.0
2015-02-02,-6.868333299999961,0.23599999999999,1002.0,1010.0,0.0,10.0
2015-02-03,-10.072000000000003,-1.211999999999989,1011.0,1023.0,0.0,4.0
2015-02-04,-11.416333299999962,-2.6703332999999816,1023.0,1035.0,0.0,16.0
2015-02-05,-12.415666699999974,-3.2749999999999773,1036.0,1044.0,0.0,88.0
2015-02-06,-5.200999999999965,1.2475000000000023,1041.0,1043.0,30.0,88.0
2015-02-07,0.8553333000000407,4.57933330000003,1034.0,1041.0,76.0,92.0
2015-02-08,-0.006666699999982484,5.114333300000055,1033.0,1039.0,10.0,92.0
2015-02-09,3.848000000000013,4.879000000000019,1032.0,1035.0,80.0,92.0
2015-02-10,3.5286667000000307,4.927999999999997,1035.0,1039.0,85.0,92.0
2015-02-11,0.38766670000001113,3.4473333000000252,1031.0,1038.0,34.0,88.0
2015-02-12,0.9746667000000002,3.4446667000000275,1028.0,1030.0,76.0,88.0
2015-02-13,0.8833333000000607,2.3796667000000298,1023.0,1028.0,74.0,92.0
2015-02-14,1.6070000000000277,4.423000000000002,1024.0,1034.0,24.0,92.0
2015-02-15,1.1709999999999923,2.9320000000000164,1034.0,1038.0,0.0,22.0
2015-02-16,1.646000000000015,2.9336667000000034,1031.0,1035.0,0.0,84.0
2015-02-17,1.5476667000000361,5.2970000000000255,1031.0,1038.0,30.0,92.0
2015-02-18,4.4500000000000455,6.864666699999987,1031.0,1039.0,92.0,92.0
2015-02-19,4.088666700000033,6.767666700000007,1016.0,1030.0,92.0,97.0
2015-02-20,1.5806666999999948,3.737000000000023,1006.0,1015.0,88.0,92.0
2015-02-21,0.9056667000000402,2.404666700000007,1004.0,1005.0,62.0,92.0
2015-02-22,0.5880000000000223,1.8149999999999977,996.0,1010.0,80.0,92.0
2015-02-23,1.257000000000005,2.7706666999999925,988.0,994.0,88.0,92.0
2015-02-24,1.510500000000036,3.134333300000037,993.0,1003.0,76.0,92.0
2015-02-25,-0.06866669999999431,3.8950000000000387,1004.0,1025.0,42.0,92.0
2015-02-26,0.3835000000000264,3.094500000000039,1013.0,1024.0,66.0,92.0
2015-02-27,0.23500000000001364,3.09533330000005,1015.0,1023.0,82.0,92.0
2015-02-28,1.9650000000000318,4.145000000000039,1003.0,1023.0,90.0,92.0
2015-03-01,2.7934999999999945,4.324333300000035,990.0,1001.0,90.0,92.0
2015-03-02,1.1796666999999843,3.33400000000006,995.0,1006.0,82.0,92.0
2015-03-03,-3.6533332999999857,1.8426666999999952,1007.0,1016.0,21.0,92.0
2015-03-04,-4.024666699999955,3.5400000000000205,1016.0,1038.0,0.0,88.0
2015-03-05,0.9986667000000011,5.461666700000023,1035.0,1040.0,88.0,92.0
2015-03-06,4.117000000000019,5.57933330000003,1030.0,1037.0,88.0,92.0
2015-03-07,4.556500000000028,7.809000000000026,1021.0,1029.0,92.0,92.0
2015-03-08,3.7576667000000157,8.012000000000057,1020.0,1030.0,53.0,92.0
2015-03-09,1.817666700000018,4.5143333000000325,1022.0,1036.0,56.0,92.0
2015-03-10,3.2636666999999875,5.3196667000000275,1018.0,1036.0,46.0,92.0
2015-03-11,-0.12766669999996338,6.483666700000015,1037.0,1042.0,0.0,68.0
2015-03-12,1.656500000000051,6.488333300000022,1041.0,1045.0,0.0,88.0
2015-03-13,-1.3546666999999388,6.710000000000036,1045.0,1052.0,0.0,17.0
2015-03-14,-3.9713332999999693,6.406333300000028,1052.0,1055.0,0.0,14.0
2015-03-15,-3.6883333000000107,7.466333300000031,1052.0,1055.0,0.0,53.0
2015-03-16,3.8863333000000466,7.282333300000005,1050.0,1053.0,0.0,40.0
2015-03-17,5.3180000000000405,8.64100000000002,1046.0,1049.0,0.0,57.0
2015-03-18,2.962000000000046,9.271000000000015,1045.0,1047.0,14.0,92.0
2015-03-19,-1.5473332999999911,5.574000000000012,1040.0,1047.0,0.0,92.0
2015-03-20,2.6936666999999943,4.767333300000018,1023.0,1040.0,64.0,92.0
2015-03-21,-0.8896666999999638,3.856666700000005,1024.0,1044.0,20.0,85.0
2015-03-22,-0.7259999999999422,3.0030000000000427,1026.0,1044.0,74.0,92.0
2015-03-23,2.4406667000000084,5.120666700000015,1016.0,1026.0,90.0,92.0
2015-03-24,-2.022666699999945,5.624666700000034,1018.0,1023.0,6.0,89.0
2015-03-25,-1.7016666999999757,4.855000000000018,1023.0,1026.0,4.0,90.0
2015-03-26,0.3413333000000307,3.481666700000005,1014.0,1022.0,82.0,92.0
2015-03-27,-2.7869999999999777,3.914666699999998,1018.0,1027.0,22.0,88.0
2015-03-28,-2.1329999999999814,4.173333300000024,1001.0,1027.0,4.0,92.0
2015-03-29,2.1690000000000396,4.558666700000003,995.0,1002.0,88.0,92.0
2015-03-30,1.365000000000009,2.956666700000028,995.0,1002.0,69.0,90.0
2015-03-31,-0.8553332999999839,2.3590000000000373,995.0,1002.0,53.0,92.0
2015-04-01,0.46500000000003183,1.6103333000000362,1002.0,1015.0,82.0,88.0
2015-04-02,-0.8263332999999875,5.119333300000051,1015.0,1027.0,0.0,78.0
2015-04-03,0.8416667000000189,4.8956666999999925,1027.0,1031.0,0.0,78.0
2015-04-04,-3.0486666999999557,5.8180000000000405,1031.0,1036.0,10.0,57.0
2015-04-05,-1.0963332999999693,5.374333300000046,1034.0,1037.0,22.0,92.0
2015-04-06,-0.8949999999999818,6.0049999999999955,1038.0,1044.0,24.0,92.0
2015-04-07,4.155333300000052,6.279333300000019,1041.0,1043.0,90.0,92.0
2015-04-08,3.8223333000000252,8.336000000000013,1041.0,1045.0,0.0,90.0
2015-04-09,1.4623333000000116,8.22866670000002,1035.0,1043.0,37.0,92.0
2015-04-10,2.608500000000049,10.42833330000002,1027.0,1035.0,0.0,73.0
2015-04-11,2.537333300000057,10.129000000000019,1016.0,1027.0,20.0,92.0
2015-04-12,2.005666700000006,3.464333300000021,1022.0,1026.0,64.0,88.0
2015-04-13,0.2686667000000398,3.7130000000000223,1024.0,1037.0,38.0,88.0
2015-04-14,-0.5373333000000002,6.935666700000013,1024.0,1036.0,84.0,92.0
2015-04-15,3.886000000000024,5.137666700000011,1017.0,1024.0,92.0,92.0
2015-04-16,2.479000000000042,4.288000000000011,1022.0,1027.0,46.0,92.0
2015-04-17,-2.1779999999999973,8.23599999999999,1027.0,1039.0,0.0,42.0
2015-04-18,-1.8736666999999443,8.365000000000009,1036.0,1041.0,0.0,17.0
2015-04-19,0.7116667000000234,11.692000000000007,1037.0,1043.0,0.0,0.0
2015-04-20,1.536666700000012,15.468000000000018,1042.0,1043.0,0.0,34.0
2015-04-21,1.4670000000000414,6.537333300000057,1041.0,1043.0,0.0,73.0
2015-04-22,2.845666700000038,10.674666699999989,1033.0,1042.0,0.0,68.0
2015-04-23,4.252333300000032,6.282666699999993,1023.0,1033.0,77.0,92.0
2015-04-24,3.7716667000000257,5.467333300000007,1014.0,1023.0,70.0,92.0
2015-04-25,2.693333300000006,7.407666699999993,1007.0,1014.0,69.0,92.0
2015-04-26,2.2755000000000223,4.4103333000000475,1011.0,1018.0,88.0,92.0
2015-04-27,-0.031999999999982265,5.24350000000004,1016.0,1019.0,0.0,88.0
2015-04-28,-0.8366666999999666,5.69866669999999,1020.0,1021.0,10.0,92.0
2015-04-29,1.849333300000012,6.4516667000000325,1020.0,1024.0,58.0,91.0
2015-04-30,2.195666700000004,5.338000000000022,1019.0,1020.0,38.0,92.0
2015-05-01,2.6016667000000098,5.858333300000027,1020.0,1022.0,0.0,90.0
2015-05-02,-0.6946666999999707,8.356666700000005,1022.0,1024.0,0.0,8.0
2015-05-03,-1.9093333000000143,10.432999999999993,1016.0,1024.0,0.0,86.0
2015-05-04,5.8770000000000095,9.806666699999994,1010.0,1018.0,60.0,92.0
2015-05-05,4.086333300000035,11.496666699999992,1002.0,1018.0,36.0,92.0
2015-05-06,6.528500000000008,8.909666700000002,1005.0,1013.0,62.0,92.0
2015-05-07,3.9254999999999995,6.384500000000003,1010.0,1023.0,73.0,92.0
2015-05-08,2.0240000000000578,5.8683333000000175,1024.0,1031.0,0.0,92.0
2015-05-09,-1.9203332999999816,6.505666700000006,1023.0,1031.0,2.0,92.0
2015-05-10,2.2943333000000052,9.04266670000004,1026.0,1034.0,0.0,80.0
2015-05-11,6.6510000000000105,8.899000000000058,1023.0,1032.0,92.0,92.0
2015-05-12,5.977666699999986,8.068666699999994,1017.0,1023.0,81.0,92.0
2015-05-13,6.08133330000004,9.14366670000004,1016.0,1023.0,25.0,92.0
2015-05-14,5.189000000000021,11.21833330000004,1023.0,1025.0,0.0,68.0
2015-05-15,1.0973333000000594,11.840666699999986,1025.0,1029.0,0.0,56.0
2015-05-16,4.296333300000015,6.599000000000046,1021.0,1027.0,73.0,92.0
2015-05-17,3.2546667000000298,6.452333300000021,1024.0,1026.0,88.0,92.0
2015-05-18,1.5903333000000544,8.578000000000031,1010.0,1024.0,16.0,92.0
2015-05-19,4.761333300000047,6.1456666999999925,1004.0,1013.0,68.0,92.0
2015-05-20,4.2846667000000025,8.829000000000065,1013.0,1025.0,54.0,90.0
2015-05-21,5.934333300000048,6.904666700000007,1026.0,1032.0,89.0,92.0
2015-05-22,5.644666700000016,8.545333300000038,1029.0,1032.0,89.0,92.0
2015-05-23,5.014499999999998,9.26466670000002,1032.0,1037.0,9.0,92.0
2015-05-24,1.7043333000000302,8.152000000000044,1023.0,1035.0,24.0,92.0
2015-05-25,5.415666700000031,6.758333300000061,1023.0,1024.0,80.0,92.0
2015-05-26,5.213666700000033,7.8956666999999925,1024.0,1027.0,77.0,92.0
2015-05-27,5.325333300000011,6.956000000000017,1024.0,1029.0,89.0,92.0
2015-05-28,4.617999999999995,6.454000000000065,1012.0,1023.0,88.0,92.0
2015-05-29,4.469333300000017,7.022333300000014,1014.0,1015.0,92.0,92.0
2015-05-30,4.050666700000022,8.158000000000015,1013.0,1016.0,38.0,92.0
2015-05-31,5.494333300000051,10.958666700000038,1008.0,1017.0,28.0,92.0
2015-06-01,5.066500000000019,7.1650000000000205,1007.0,1021.0,74.0,92.0
2015-06-02,5.546333300000015,7.336000000000013,1003.0,1019.0,52.0,92.0
2015-06-03,5.908666700000026,7.3110000000000355,1004.0,1031.0,92.0,92.0
2015-06-04,6.157666699999993,11.122000000000014,1032.0,1040.0,2.0,92.0
2015-06-05,4.7379999999999995,16.10166670000001,1027.0,1040.0,4.0,92.0
2015-06-06,7.481666700000005,12.684666700000037,1024.0,1027.0,8.0,92.0
2015-06-07,6.396000000000015,8.137666700000011,1025.0,1037.0,92.0,92.0
2015-06-08,6.487333300000046,10.587000000000046,1037.0,1044.0,0.0,92.0
2015-06-09,3.2746667000000116,12.658333300000038,1043.0,1045.0,0.0,64.0
2015-06-10,6.557000000000016,9.54000000000002,1039.0,1043.0,40.0,92.0
2015-06-11,7.8770000000000095,14.820333300000016,1032.0,1038.0,0.0,92.0
2015-06-12,5.48599999999999,15.322000000000003,1000.0,1032.0,24.0,80.0
2015-06-13,5.911000000000001,12.617333300000041,993.0,1023.0,8.0,86.0
2015-06-14,5.5400000000000205,8.615333300000032,989.0,1024.0,0.0,92.0
2015-06-15,5.900333300000057,9.804666699999984,994.0,1032.0,6.0,92.0
2015-06-16,5.69233330000003,12.73866670000001,1032.0,1034.0,0.0,61.0
2015-06-17,5.697333300000025,10.298666700000012,1020.0,1033.0,76.0,97.0
2015-06-18,8.211666700000023,9.340000000000032,1019.0,1022.0,86.0,92.0
2015-06-19,7.975333300000045,11.989666699999987,1010.0,1026.0,25.0,88.0
2015-06-20,5.510333300000013,15.918000000000006,997.0,1028.0,0.0,32.0
2015-06-21,5.569000000000017,13.970000000000027,997.0,1027.0,0.0,90.0
2015-06-22,6.634666700000025,16.237000000000023,989.0,1022.0,24.0,92.0
2015-06-23,8.52866670000003,16.319666700000028,989.0,1022.0,0.0,50.0
2015-06-24,8.017666700000007,12.475000000000023,993.0,1023.0,0.0,92.0
2015-06-25,7.696000000000026,12.0,996.0,1031.0,40.0,92.0
2015-06-26,7.0,15.0,1014.0,1024.0,0.0,90.0
2015-06-27,11.0,16.0,1010.0,1014.0,75.0,92.0
2015-06-28,11.0,17.0,1012.0,1020.0,40.0,92.0
2015-06-29,12.0,18.890000000000043,1012.0,1019.0,40.0,92.0
2015-06-30,7.78000000000003,27.220000000000027,1019.0,1022.0,40.0,90.0
2015-07-01,9.79266670000004,27.78000000000003,1022.0,1037.0,0.0,75.0
2015-07-02,13.330000000000041,32.22000000000003,1019.0,1022.0,0.0,75.0
2015-07-03,13.0,28.33000000000004,1020.0,1025.0,0.0,92.0
2015-07-04,13.0,27.78000000000003,1017.0,1025.0,24.0,90.0
2015-07-05,12.0,31.110000000000014,1011.0,1018.0,20.0,92.0
2015-07-06,12.0,17.78000000000003,1007.0,1011.0,44.0,92.0
2015-07-07,11.670000000000016,16.0,997.0,1011.0,40.0,88.0
2015-07-08,12.0,17.220000000000027,991.0,997.0,75.0,92.0
2015-07-09,10.0,16.670000000000016,997.0,1015.0,20.0,92.0
2015-07-10,10.0,22.78000000000003,1015.0,1019.0,20.0,92.0
2015-07-11,7.0,17.78000000000003,1013.0,1018.0,0.0,92.0
2015-07-12,11.0,16.0,1009.0,1013.0,40.0,90.0
2015-07-13,11.0,22.220000000000027,1010.0,1011.0,40.0,92.0
2015-07-14,9.439999999999998,21.670000000000016,1011.0,1015.0,20.0,75.0
2015-07-15,11.110000000000014,20.560000000000002,1015.0,1018.0,20.0,92.0
2015-07-16,8.330000000000041,22.220000000000027,1018.0,1021.0,0.0,80.0
2015-07-17,5.560000000000002,22.78000000000003,1005.0,1019.0,0.0,75.0
2015-07-18,11.0,15.0,1002.0,1005.0,20.0,92.0
2015-07-19,12.0,16.0,1004.0,1006.0,40.0,92.0
2015-07-20,12.0,22.78000000000003,1005.0,1009.0,40.0,92.0
2015-07-21,10.560000000000002,21.110000000000014,1000.0,1008.0,40.0,92.0
2015-07-22,12.0,24.439999999999998,1005.0,1010.0,40.0,92.0
2015-07-23,10.0,20.560000000000002,1009.0,1010.0,20.0,92.0
2015-07-24,10.560000000000002,21.110000000000014,1008.0,1012.0,40.0,92.0
2015-07-25,7.78000000000003,16.670000000000016,1006.0,1012.0,0.0,92.0
2015-07-26,10.0,16.110000000000014,1002.0,1006.0,40.0,92.0
2015-07-27,6.670000000000016,21.110000000000014,999.0,1002.0,0.0,88.0
2015-07-28,11.670000000000016,21.670000000000016,998.0,999.0,0.0,75.0
2015-07-29,12.220000000000027,20.560000000000002,995.0,999.0,0.0,75.0
2015-07-30,11.110000000000014,23.890000000000043,997.0,1010.0,75.0,92.0
2015-07-31,9.0,21.110000000000014,1010.0,1015.0,0.0,92.0
2015-08-01,8.330000000000041,16.670000000000016,1012.0,1015.0,56.0,75.0
2015-08-02,8.330000000000041,22.220000000000027,1012.0,1020.0,0.0,92.0
2015-08-03,7.78000000000003,25.0,1011.0,1020.0,0.0,92.0
2015-08-04,12.78000000000003,21.0,1008.0,1011.0,0.0,90.0
2015-08-05,11.110000000000014,20.0,1010.0,1014.0,8.0,92.0
2015-08-06,12.254270200000008,22.0,1011.0,1020.0,0.0,90.0
2015-08-07,13.890000000000043,26.110000000000014,1012.0,1017.0,75.0,92.0
2015-08-08,11.670000000000016,17.0,1018.0,1022.0,20.0,92.0
2015-08-09,12.0,17.0,1017.0,1021.0,20.0,80.0
2015-08-10,13.890000000000043,22.0,1014.0,1017.0,0.0,92.0
2015-08-11,13.0,22.220000000000027,1010.0,1022.0,40.0,92.0
2015-08-12,10.560000000000002,22.220000000000027,1022.0,1025.0,20.0,92.0
2015-08-13,6.110000000000014,26.670000000000016,1020.0,1025.0,0.0,20.0
2015-08-14,10.0,26.670000000000016,1008.0,1020.0,0.0,75.0
2015-08-15,15.0,21.0,1006.0,1011.0,64.0,90.0
2015-08-16,15.0,18.0,1011.0,1019.0,75.0,92.0
2015-08-17,15.560000000000002,26.110000000000014,1018.0,1020.0,0.0,100.0
2015-08-18,14.439999999999998,25.560000000000002,1018.0,1020.0,0.0,12.0
2015-08-19,14.439999999999998,27.220000000000027,1019.0,1021.0,0.0,0.0
2015-08-20,11.110000000000014,27.220000000000027,1022.0,1024.0,0.0,75.0
2015-08-21,10.560000000000002,25.0,1021.0,1024.0,0.0,75.0
2015-08-22,12.220000000000027,27.220000000000027,1021.0,1026.0,0.0,80.0
2015-08-23,11.110000000000014,26.670000000000016,1016.0,1023.0,0.0,0.0
2015-08-24,15.560000000000002,24.0,1005.0,1016.0,0.0,75.0
2015-08-25,13.890000000000043,22.78000000000003,999.0,1005.0,40.0,92.0
2015-08-26,11.670000000000016,18.0,998.0,1003.0,40.0,92.0
2015-08-27,11.110000000000014,21.110000000000014,998.0,1001.0,40.0,92.0
2015-08-28,11.110000000000014,18.33000000000004,1000.0,1012.0,40.0,92.0
2015-08-29,13.0,18.0,1011.0,1016.0,40.0,92.0
2015-08-30,9.291666700000007,23.33000000000004,1017.0,1031.0,10.0,72.0
2015-08-31,8.330000000000041,26.670000000000016,1014.0,1019.0,40.0,80.0
2015-09-01,11.670000000000016,15.093233300000009,1006.0,1023.0,40.0,92.0
2015-09-02,10.151499999999999,18.0,997.0,1018.0,40.0,92.0
2015-09-03,11.670000000000016,20.0,1000.0,1010.0,40.0,75.0
2015-09-04,9.0,22.78000000000003,1007.0,1011.0,0.0,75.0
2015-09-05,9.439999999999998,20.560000000000002,1003.0,1010.0,20.0,75.0
2015-09-06,7.220000000000027,14.0,1010.0,1020.0,0.0,75.0
2015-09-07,11.0,17.0,1020.0,1026.0,20.0,40.0
2015-09-08,10.560000000000002,26.110000000000014,1025.0,1027.0,0.0,75.0
2015-09-09,7.220000000000027,25.560000000000002,1026.0,1029.0,0.0,24.0
2015-09-10,8.0,25.0,1029.0,1030.0,0.0,40.0
2015-09-11,7.78000000000003,20.0,1025.0,1029.0,0.0,75.0
2015-09-12,13.330000000000041,21.110000000000014,1013.0,1024.0,0.0,75.0
2015-09-13,12.78000000000003,17.0,1009.0,1013.0,75.0,75.0
2015-09-14,13.330000000000041,20.0,997.0,1009.0,40.0,88.0
2015-09-15,10.0,17.220000000000027,994.0,997.0,75.0,92.0
2015-09-16,9.439999999999998,17.78000000000003,995.0,1011.0,20.0,75.0
2015-09-17,12.78000000000003,18.890000000000043,985.0,995.0,40.0,100.0
2015-09-18,11.670000000000016,20.0,991.0,1012.0,75.0,92.0
2015-09-19,8.890000000000043,20.560000000000002,1012.0,1019.0,40.0,88.0
2015-09-20,6.670000000000016,23.890000000000043,1016.0,1020.0,0.0,75.0
2015-09-21,3.890000000000043,20.560000000000002,1003.0,1017.0,0.0,75.0
2015-09-22,9.439999999999998,16.0,998.0,1012.0,0.0,92.0
2015-09-23,8.0,17.78000000000003,1001.0,1011.0,0.0,75.0
2015-09-24,8.330000000000041,14.0,1002.0,1007.0,40.0,80.0
2015-09-25,7.220000000000027,14.0,1004.0,1023.0,40.0,92.0
2015-09-26,6.670000000000016,15.560000000000002,1018.0,1040.0,20.0,92.0
2015-09-27,3.330000000000041,21.670000000000016,1030.0,1042.0,0.0,75.0
2015-09-28,5.0,21.670000000000016,1036.0,1045.0,0.0,68.0
2015-09-29,5.0,21.670000000000016,1038.0,1047.0,0.0,76.0
2015-09-30,7.220000000000027,22.220000000000027,1034.0,1040.0,40.0,92.0
2015-10-01,7.220000000000027,20.0,1027.0,1037.0,75.0,88.0
2015-10-02,8.890000000000043,18.890000000000043,1020.0,1029.0,75.0,90.0
2015-10-03,5.560000000000002,17.220000000000027,1014.0,1021.0,24.0,80.0
2015-10-04,3.890000000000043,21.110000000000014,1013.0,1018.0,0.0,75.0
2015-10-05,2.2200000000000273,17.0,1013.0,1022.0,0.0,75.0
2015-10-06,10.560000000000002,15.0,1011.0,1020.0,0.0,88.0
2015-10-07,8.890000000000043,13.0,1011.0,1015.0,40.0,76.0
2015-10-08,9.0,12.0,1014.0,1021.0,0.0,92.0
2015-10-09,7.78000000000003,13.0,1007.0,1032.0,75.0,92.0
2015-10-10,5.0,12.0,1025.0,1034.0,12.0,88.0
2015-10-11,3.890000000000043,12.220000000000027,1028.0,1033.0,0.0,75.0
2015-10-12,4.0,12.0,1026.0,1031.0,0.0,75.0
2015-10-13,5.0,12.0,1028.0,1030.0,0.0,75.0
2015-10-14,1.0,12.0,1029.0,1043.0,0.0,20.0
2015-10-15,2.0,17.220000000000027,1028.0,1030.0,0.0,40.0
2015-10-16,-0.687609899999984,17.78000000000003,1025.0,1036.0,0.0,36.0
2015-10-17,-2.7633332999999993,18.890000000000043,1024.0,1039.0,0.0,0.0
2015-10-18,-0.472782699999982,13.0,1023.0,1032.0,0.0,20.0
2015-10-19,2.0,11.0,1022.0,1032.0,0.0,75.0
2015-10-20,3.0,12.0,1017.0,1034.0,40.0,92.0
2015-10-21,3.890000000000043,13.0,1002.0,1020.0,75.0,92.0
2015-10-22,7.78000000000003,13.0,993.0,1003.0,75.0,92.0
2015-10-23,8.132000000000005,13.0,1003.0,1027.0,75.0,92.0
2015-10-24,7.8390000000000555,9.491333300000008,1016.0,1026.0,92.0,92.0
2015-10-25,5.494333300000051,7.23866670000001,1018.0,1034.0,56.0,92.0
2015-10-26,5.753000000000043,8.573333300000058,1034.0,1035.0,68.0,92.0
2015-10-27,5.0,15.0,1020.0,1035.0,0.0,92.0
2015-10-28,2.0,13.0,1016.0,1027.0,0.0,20.0
2015-10-29,1.0,11.0,1015.0,1022.0,0.0,75.0
2015-10-30,9.149659900000017,12.0,1022.0,1028.0,27.0,75.0
2015-10-31,10.895996600000046,14.0,1022.0,1032.0,75.0,92.0
2015-11-01,6.238653300000067,12.0,1024.0,1032.0,36.0,90.0
2015-11-02,7.950565299999994,13.0,1022.0,1030.0,20.0,88.0
2015-11-03,10.0,11.0,1017.0,1022.0,24.0,90.0
2015-11-04,6.0,11.0,1017.0,1025.0,0.0,80.0
2015-11-05,5.0,14.0,1014.0,1023.0,40.0,76.0
2015-11-06,10.218186199999991,15.0,1006.0,1021.0,12.0,76.0
2015-11-07,7.972571000000016,13.0,1002.0,1012.0,40.0,92.0
2015-11-08,7.0,11.192105600000048,999.0,1019.0,20.0,92.0
2015-11-09,8.0,12.0,993.0,1002.0,40.0,92.0
2015-11-10,8.0,13.0,998.0,1008.0,75.0,92.0
2015-11-11,9.511644199999978,12.0,1004.0,1011.0,40.0,92.0
2015-11-12,8.0,11.0,1002.0,1018.0,20.0,92.0
2015-11-13,4.0,12.0,998.0,1011.0,40.0,92.0
2015-11-14,4.642978400000004,10.0,997.0,1006.0,75.0,92.0
2015-11-15,5.0,10.0,998.0,1007.0,20.0,89.0
2015-11-16,6.0,11.0,987.0,1001.0,40.0,92.0
2015-11-17,7.0,10.0,988.0,996.0,40.0,92.0
2015-11-18,7.0,10.0,985.0,1001.0,40.0,92.0
2015-11-19,1.0,9.0,984.0,1001.0,0.0,92.0
2015-11-20,-0.21435279999997192,6.0,997.0,1004.0,0.0,92.0
2015-11-21,-1.0,3.0,998.0,1005.0,0.0,80.0
2015-11-22,-6.0,3.0,1005.0,1022.0,0.0,40.0
2015-11-23,-4.0,6.002040100000045,996.0,1016.0,0.0,92.0
2015-11-24,5.0,8.0,995.0,1005.0,75.0,92.0
2015-11-25,3.0,7.0,993.0,1007.0,40.0,92.0
2015-11-26,1.0,10.0,1005.0,1016.0,6.0,75.0
2015-11-27,6.0,11.0,991.0,1011.0,75.0,92.0
2015-11-28,4.0,7.0,981.0,997.0,40.0,92.0
2015-11-29,3.0,7.0,979.0,987.0,40.0,92.0
2015-11-30,3.819183399999986,7.0,981.0,1002.0,40.0,92.0
2015-12-01,1.7574268999999845,7.0,1000.0,1019.0,40.0,92.0
2015-12-02,3.9647721000000615,10.0,1005.0,1018.0,20.0,92.0
2015-12-03,3.405739100000062,9.0,1010.0,1024.0,20.0,92.0
2015-12-04,4.0,10.0,990.0,1011.0,40.0,92.0
2015-12-05,7.0,11.0,987.0,1004.0,75.0,92.0
2015-12-06,5.985421100000053,12.0,986.0,1011.0,40.0,92.0
2015-12-07,4.482057800000064,9.0,1011.0,1033.0,20.0,92.0
2015-12-08,7.89852060000004,11.0,1011.0,1028.0,75.0,92.0
2015-12-09,5.991539400000022,10.0,1010.0,1025.0,40.0,92.0
2015-12-10,5.561480899999992,10.0,1004.0,1016.0,40.0,92.0
2015-12-11,3.0,8.0,1002.0,1012.0,40.0,88.0
2015-12-12,0.8476722000000336,5.0,1005.0,1016.0,12.0,88.0
2015-12-13,-1.920837899999924,2.0,1009.0,1024.0,20.0,77.0
2015-12-14,-1.726070199999981,4.0,1018.0,1026.0,20.0,83.0
2015-12-15,-2.872693199999958,5.0,1021.0,1033.0,0.0,75.0
2015-12-16,2.141110500000025,7.0,1011.0,1030.0,8.0,83.0
2015-12-17,5.42306880000001,10.0,1002.0,1017.0,75.0,92.0
2015-12-18,8.525779699999987,10.0,1001.0,1011.0,75.0,92.0
2015-12-19,8.95708780000001,12.0,1000.0,1009.0,75.0,92.0
2015-12-20,9.0,11.0,993.0,1000.0,75.0,92.0
2015-12-21,6.8061579000000165,10.0,991.0,1004.0,75.0,92.0
2015-12-22,5.831551300000058,11.0,992.0,1002.0,20.0,83.0
2015-12-23,5.0,9.0,995.0,1009.0,20.0,92.0
2015-12-24,4.439999999999998,10.0,992.0,1016.0,75.0,92.0
2015-12-25,0.5600000000000023,8.0,995.0,1014.0,24.0,92.0
2015-12-26,-1.1099999999999568,3.0,1013.0,1017.0,0.0,88.0
2015-12-27,-3.329999999999984,4.0,1002.0,1023.0,0.0,92.0
2015-12-28,-3.8899999999999864,6.0,1024.0,1030.0,0.0,41.0
2015-12-29,2.7800000000000296,8.0,1019.0,1026.0,4.0,80.0
2015-12-30,5.351439200000016,10.0,1009.0,1027.0,71.0,100.0
2015-12-31,4.858540000000005,8.0,1003.0,1011.0,40.0,92.0
2016-01-01,-1.669999999999959,9.0,1009.0,1023.0,20.0,92.0
2016-01-02,-1.669999999999959,7.0,1020.0,1022.0,0.0,75.0
2016-01-03,-2.2199999999999704,1.0,1007.0,1023.0,0.0,75.0
2016-01-04,-5.0,-1.0,1003.0,1013.0,0.0,20.0
2016-01-05,-4.439999999999998,1.0,1003.0,1009.0,0.0,40.0
2016-01-06,-7.21999999999997,-2.0,1009.0,1015.0,0.0,20.0
2016-01-07,-6.669999999999959,-2.0,999.0,1009.0,0.0,75.0
2016-01-08,-5.560000000000002,0.0,998.0,1001.0,0.0,92.0
2016-01-09,-4.439999999999998,1.0,995.0,1006.0,0.0,92.0
2016-01-10,-3.329999999999984,4.0,983.0,1003.0,40.0,90.0
2016-01-11,1.0,5.0,986.0,990.0,0.0,88.0
2016-01-12,-4.0,3.0,990.0,999.0,0.0,92.0
2016-01-13,-2.6804484999999545,2.0,985.0,1005.0,74.0,92.0
2016-01-14,-5.0,2.0,1005.0,1013.0,0.0,75.0
2016-01-15,-6.19758539999998,3.0,1009.0,1020.0,20.0,81.0
2016-01-16,-10.0,1.0,1016.0,1025.0,0.0,64.0
2016-01-17,-12.0,-3.0,1020.0,1025.0,0.0,40.0
2016-01-18,-5.0,1.0,1010.0,1020.0,20.0,90.0
2016-01-19,-9.0,-1.0,1010.0,1017.0,0.0,20.0
2016-01-20,-11.0,-2.0,1013.0,1024.0,0.0,0.0
2016-01-21,-11.0,2.0,1020.0,1030.0,0.0,75.0
2016-01-22,-3.8208693999999355,5.0,1012.0,1030.0,56.0,75.0
2016-01-23,2.492508300000054,6.0,1012.0,1021.0,73.0,92.0
2016-01-24,4.947013300000037,7.0,1014.0,1028.0,75.0,92.0
2016-01-25,4.465555199999983,11.0,1001.0,1021.0,58.0,92.0
2016-01-26,4.0,9.0,987.0,1008.0,20.0,92.0
2016-01-27,4.0,9.0,985.0,994.0,75.0,92.0
2016-01-28,4.0,7.0,992.0,1006.0,40.0,88.0
2016-01-29,4.0,10.0,983.0,1001.0,40.0,92.0
2016-01-30,2.6041557000000353,7.0,980.0,991.0,40.0,92.0
2016-01-31,1.0,6.0,983.0,999.0,40.0,88.0
2016-02-01,0.0,9.0,984.0,1000.0,40.0,92.0
2016-02-02,6.0,7.0,974.0,988.0,20.0,92.0
2016-02-03,2.0,6.0,988.0,1008.0,20.0,88.0
2016-02-04,-1.0,3.0,1009.0,1016.0,20.0,88.0
2016-02-05,-1.0,8.0,1001.0,1016.0,75.0,90.0
2016-02-06,4.0,8.0,987.0,1000.0,20.0,92.0
2016-02-07,5.0,8.0,977.0,986.0,75.0,92.0
2016-02-08,3.0,8.0,968.0,977.0,75.0,92.0
2016-02-09,3.0,7.0,971.0,978.0,20.0,88.0
2016-02-10,-1.0,7.0,979.0,991.0,20.0,88.0
2016-02-11,-1.0,6.0,992.0,1006.0,0.0,88.0
2016-02-12,-6.0,2.0,1001.0,1011.0,0.0,88.0
2016-02-13,-7.0,2.0,996.0,1000.0,0.0,75.0
2016-02-14,-6.0,2.0,998.0,1008.0,0.0,75.0
2016-02-15,-7.0,3.0,1010.0,1029.0,0.0,20.0
2016-02-16,-5.0,5.0,1022.0,1031.0,0.0,78.0
2016-02-17,1.6200944999999933,5.0,1014.0,1022.0,39.0,92.0
2016-02-18,0.8358762000000297,3.0,1009.0,1016.0,12.0,83.0
2016-02-19,-0.20148039999992307,5.0,995.0,1017.0,0.0,82.0
2016-02-20,2.0,5.0,986.0,998.0,40.0,92.0
2016-02-21,2.8614436999999953,6.0,986.0,995.0,40.0,92.0
2016-02-22,2.0,5.0,985.0,995.0,40.0,92.0
2016-02-23,2.0,5.0,995.0,1008.0,40.0,88.0
2016-02-24,0.0,5.0,1004.0,1008.0,40.0,88.0
2016-02-25,-1.0,4.0,1005.0,1008.0,19.0,76.0
2016-02-26,-3.0,5.0,1007.0,1010.0,20.0,75.0
2016-02-27,-4.0,4.0,1010.0,1020.0,0.0,75.0
2016-02-28,-3.0,5.0,1017.0,1030.0,0.0,20.0
2016-02-29,-4.0,4.0,1021.0,1032.0,0.0,75.0
2016-03-01,1.0,3.0,991.0,1028.0,75.0,92.0
2016-03-02,0.6894861999999762,3.0,987.0,999.0,75.0,92.0
2016-03-03,-0.05697319999995898,4.0,994.0,1006.0,60.0,90.0
2016-03-04,-0.7338438999999539,7.0,1000.0,1008.0,0.0,75.0
2016-03-05,-3.0,6.0,1003.0,1010.0,0.0,75.0
2016-03-06,0.0,5.0,999.0,1004.0,75.0,92.0
2016-03-07,-3.0,5.0,1001.0,1011.0,0.0,88.0
2016-03-08,-4.618362199999979,5.0,1005.0,1014.0,0.0,75.0
2016-03-09,1.3786730000000489,6.0,1004.0,1019.0,56.0,81.0
2016-03-10,0.0,8.0,1019.0,1032.0,0.0,75.0
2016-03-11,-3.0,6.0,1030.0,1031.0,0.0,75.0
2016-03-12,1.4528905000000236,5.0,1030.0,1038.0,68.0,77.0
2016-03-13,4.0,7.0,1034.0,1039.0,75.0,92.0
2016-03-14,3.0,9.0,1034.0,1038.0,0.0,90.0
2016-03-15,1.0,11.0,1034.0,1035.0,0.0,90.0
2016-03-16,0.0,9.0,1032.0,1035.0,0.0,90.0
2016-03-17,-1.0,11.0,1024.0,1032.0,0.0,84.0
2016-03-18,4.0,8.0,1021.0,1024.0,19.0,75.0
2016-03-19,4.0,8.0,1016.0,1023.0,7.0,75.0
2016-03-20,3.6906926999999996,7.0,1012.0,1021.0,0.0,90.0
2016-03-21,5.0,8.0,1008.0,1012.0,0.0,90.0
2016-03-22,5.0,7.0,1009.0,1010.0,72.0,92.0
2016-03-23,0.0,7.0,1010.0,1015.0,0.0,75.0
2016-03-24,0.0,7.0,1001.0,1010.0,40.0,92.0
2016-03-25,3.0,8.0,1000.0,1010.0,0.0,92.0
2016-03-26,4.0,10.0,992.0,1009.0,20.0,92.0
2016-03-27,6.903878500000019,10.0,988.0,997.0,20.0,92.0
2016-03-28,6.0,8.0,978.0,995.0,74.0,92.0
2016-03-29,3.0,7.530945100000054,977.0,1000.0,20.0,92.0
2016-03-30,-2.0,9.0,1000.0,1008.0,0.0,75.0
2016-03-31,1.0,6.0,1005.0,1017.0,0.0,75.0
2016-04-01,-1.0,7.0,1013.0,1018.0,0.0,76.0
2016-04-02,4.007683300000053,7.0,1010.0,1018.0,75.0,92.0
2016-04-03,6.0,10.0,1006.0,1018.0,56.0,92.0
2016-04-04,6.0,9.0,1001.0,1009.0,32.0,76.0
2016-04-05,7.0,12.0,999.0,1003.0,20.0,75.0
2016-04-06,5.922195300000055,8.0,992.0,999.0,75.0,92.0
2016-04-07,5.0,8.0,992.0,1000.0,20.0,88.0
2016-04-08,4.0,8.0,1000.0,1005.0,20.0,88.0
2016-04-09,-1.0,9.0,1005.0,1013.0,0.0,80.0
2016-04-10,2.0,13.0,1013.0,1021.0,0.0,75.0
2016-04-11,4.0,13.0,1021.0,1024.0,0.0,80.0
2016-04-12,3.0,15.0,1012.0,1021.0,0.0,75.0
2016-04-13,5.0,12.0,1010.0,1012.0,40.0,92.0
2016-04-14,6.0,13.0,1006.0,1011.0,68.0,90.0
2016-04-15,3.0,8.0,998.0,1005.0,40.0,92.0
2016-04-16,3.0,9.0,998.0,999.0,0.0,92.0
2016-04-17,4.0,8.0,998.0,1006.0,0.0,75.0
2016-04-18,5.0,9.0,1000.0,1005.0,40.0,92.0
2016-04-19,5.0,9.0,1004.0,1024.0,20.0,92.0
2016-04-20,5.0,9.0,1025.0,1029.0,0.0,88.0
2016-04-21,3.1380000000000337,10.0,999.0,1026.0,40.0,92.0
2016-04-22,2.0930000000000177,6.0,997.0,1018.0,0.0,56.0
2016-04-23,2.0,6.0,1010.0,1017.0,0.0,75.0
2016-04-24,0.5600000000000023,8.0,1008.0,1012.0,0.0,75.0
2016-04-25,-3.329999999999984,11.670000000000016,999.0,1007.0,0.0,75.0
2016-04-26,3.0,12.0,1002.0,1018.0,20.0,78.0
2016-04-27,0.0,12.220000000000027,1006.0,1012.0,19.0,75.0
2016-04-28,-1.8343332999999689,12.78000000000003,1008.0,1022.0,12.0,90.0
2016-04-29,0.0,11.0,1005.0,1010.0,20.0,92.0
2016-04-30,2.2200000000000273,11.0,1010.0,1019.0,0.0,75.0
2016-05-01,2.7800000000000296,12.220000000000027,1020.0,1024.0,40.0,92.0
2016-05-02,5.0,9.0,1010.0,1021.0,75.0,90.0
2016-05-03,5.560000000000002,15.560000000000002,1010.0,1021.0,40.0,80.0
2016-05-04,2.7800000000000296,17.220000000000027,1022.0,1026.0,0.0,75.0
2016-05-05,1.670000000000016,17.78000000000003,1022.0,1025.0,0.0,75.0
2016-05-06,1.670000000000016,22.220000000000027,1017.0,1023.0,0.0,75.0
2016-05-07,7.220000000000027,27.220000000000027,1015.0,1017.0,0.0,92.0
2016-05-08,8.890000000000043,27.78000000000003,1017.0,1023.0,0.0,0.0
2016-05-09,7.78000000000003,29.439999999999998,1023.0,1025.0,0.0,40.0
2016-05-10,7.220000000000027,29.439999999999998,1017.0,1024.0,0.0,0.0
2016-05-11,7.0,27.220000000000027,1015.0,1018.0,0.0,12.0
2016-05-12,7.0,26.110000000000014,1010.0,1015.0,0.0,75.0
2016-05-13,5.0,18.33000000000004,1007.0,1010.0,0.0,32.0
2016-05-14,5.0,17.78000000000003,1007.0,1011.0,20.0,92.0
2016-05-15,2.2200000000000273,18.890000000000043,1012.0,1015.0,0.0,20.0
2016-05-16,2.7800000000000296,18.33000000000004,1012.0,1015.0,0.0,75.0
2016-05-17,4.439999999999998,18.890000000000043,1008.0,1012.0,40.0,75.0
2016-05-18,5.560000000000002,13.890000000000043,1004.0,1008.0,75.0,92.0
2016-05-19,8.0,17.78000000000003,1005.0,1010.0,75.0,90.0
2016-05-20,9.0,13.330000000000041,1003.0,1010.0,75.0,90.0
2016-05-21,7.78000000000003,14.0,1005.0,1010.0,0.0,90.0
2016-05-22,10.0,13.890000000000043,1003.0,1007.0,75.0,92.0
2016-05-23,8.330000000000041,20.560000000000002,1007.0,1015.0,40.0,92.0
2016-05-24,8.0,27.220000000000027,1016.0,1021.0,0.0,92.0
2016-05-25,7.0,25.560000000000002,1017.0,1022.0,0.0,20.0
2016-05-26,6.670000000000016,25.0,1019.0,1023.0,0.0,20.0
2016-05-27,7.0,28.33000000000004,1020.0,1024.0,0.0,90.0
2016-05-28,10.0,18.890000000000043,1020.0,1024.0,44.0,92.0
2016-05-29,10.0,19.0,1018.0,1022.0,0.0,79.0
2016-05-30,10.0,17.0,1017.0,1021.0,0.0,80.0
2016-05-31,13.0,23.0,1019.0,1023.0,0.0,75.0
2016-06-01,10.0,17.0,1021.0,1026.0,20.0,80.0
2016-06-02,10.0,22.0,1018.0,1022.0,40.0,100.0
2016-06-03,13.0,26.0,1017.0,1019.0,0.0,75.0
2016-06-04,12.0,17.0,1015.0,1018.0,0.0,20.0
2016-06-05,9.0,18.0,1018.0,1021.0,0.0,20.0
2016-06-06,11.0,23.0,1021.0,1022.0,0.0,90.0
2016-06-07,12.0,15.0,1019.0,1022.0,0.0,90.0
2016-06-08,9.920000000000016,16.128000000000043,998.0,1020.0,0.0,75.0
2016-06-09,5.242000000000019,13.442000000000007,992.0,999.0,0.0,8.0
2016-06-10,7.879000000000019,20.560000000000002,991.0,1000.0,0.0,8.0
2016-06-11,6.110000000000014,21.110000000000014,994.0,1003.0,0.0,92.0
2016-06-12,4.8390000000000555,23.890000000000043,992.0,999.0,0.0,100.0
2016-06-13,6.110000000000014,25.0,992.0,998.0,0.0,100.0
2016-06-14,7.220000000000027,20.0,987.0,992.0,0.0,92.0
2016-06-15,13.890000000000043,18.890000000000043,982.0,997.0,24.0,100.0
2016-06-16,13.330000000000041,19.439999999999998,988.0,990.0,56.0,92.0
2016-06-17,12.220000000000027,24.439999999999998,989.0,990.0,0.0,100.0
2016-06-18,10.560000000000002,26.670000000000016,990.0,996.0,0.0,68.0
2016-06-19,8.659000000000049,20.560000000000002,996.0,1002.0,0.0,56.0
2016-06-20,5.345000000000027,13.031000000000006,985.0,996.0,0.0,92.0
2016-06-21,9.909000000000049,14.322000000000003,988.0,996.0,44.0,92.0
2016-06-22,8.460000000000036,17.503000000000043,996.0,1000.0,0.0,88.0
2016-06-23,9.159000000000049,17.92900000000003,997.0,1000.0,0.0,100.0
2016-06-24,13.0,17.0,993.0,1016.0,75.0,100.0
2016-06-25,12.0,18.0,1015.0,1018.0,0.0,90.0
2016-06-26,12.0,18.0,1005.0,1015.0,75.0,92.0
2016-06-27,11.0,16.0,1004.0,1011.0,75.0,92.0
2016-06-28,10.0,16.0,1011.0,1013.0,20.0,75.0
2016-06-29,9.0,17.0,1003.0,1011.0,12.0,75.0
2016-06-30,12.0,17.0,995.0,1006.0,40.0,92.0
2016-07-01,12.0,16.0,998.0,1006.0,40.0,92.0
2016-07-02,11.0,15.0,999.0,1004.0,32.0,75.0
2016-07-03,10.0,16.0,1004.0,1012.0,40.0,92.0
2016-07-04,11.0,16.0,1012.0,1015.0,40.0,92.0
2016-07-05,10.0,17.0,1009.0,1014.0,20.0,92.0
2016-07-06,11.0,15.0,1010.0,1015.0,0.0,75.0
2016-07-07,7.0,16.0,1010.0,1015.0,40.0,90.0
2016-07-08,10.0,19.0,1007.0,1012.0,0.0,92.0
2016-07-09,13.0,16.0,1008.0,1012.0,0.0,92.0
2016-07-10,12.0,20.0,999.0,1008.0,40.0,92.0
2016-07-11,15.0,19.0,997.0,1000.0,75.0,90.0
2016-07-12,13.0,16.0,999.0,1007.0,75.0,92.0
2016-07-13,12.555999999999983,18.0,987.0,1010.0,75.0,92.0
2016-07-14,11.180000000000007,15.0,989.0,1010.0,48.0,88.0
2016-07-15,10.769000000000062,12.894000000000062,994.0,996.0,64.0,88.0
2016-07-16,9.770000000000039,14.032000000000039,989.0,996.0,76.0,100.0
2016-07-17,10.251000000000033,11.620999999999981,988.0,989.0,92.0,92.0
2016-07-18,10.251000000000033,11.375,989.0,996.0,88.0,92.0
2016-07-19,10.538000000000011,10.83400000000006,996.0,996.0,76.0,88.0
2016-07-20,10.538000000000011,21.148000000000025,995.0,996.0,20.0,76.0
2016-07-21,16.0,25.0,994.0,1016.0,20.0,90.0
2016-07-22,15.0,26.670000000000016,1016.0,1020.0,75.0,92.0
2016-07-23,12.0,20.0,1020.0,1021.0,0.0,90.0
2016-07-24,15.0,21.0,1017.0,1020.0,0.0,88.0
2016-07-25,16.0,21.0,1012.0,1017.0,40.0,92.0
2016-07-26,14.0,19.0,1012.0,1016.0,40.0,92.0
2016-07-27,14.0,17.0,1004.0,1015.0,75.0,92.0
2016-07-28,13.0,18.0,1008.0,1011.0,40.0,100.0
2016-07-29,12.0,17.0,1006.0,1010.0,40.0,75.0
2016-07-30,12.0,17.0,1006.0,1008.0,40.0,92.0
2016-07-31,12.0,17.0,1006.0,1008.0,40.0,92.0
2016-08-01,13.0,17.0,1006.0,1010.0,75.0,92.0
2016-08-02,12.0,17.0,1008.0,1011.0,40.0,92.0
2016-08-03,11.0,17.0,979.0,1010.0,0.0,92.0
2016-08-04,11.942000000000007,14.407000000000039,979.0,983.0,76.0,100.0
2016-08-05,10.686000000000035,15.535000000000025,983.0,994.0,44.0,92.0
2016-08-06,9.95900000000006,13.219000000000051,994.0,999.0,0.0,92.0
2016-08-07,7.8250000000000455,13.78000000000003,987.0,999.0,0.0,92.0
2016-08-08,9.51600000000002,12.115000000000009,976.0,987.0,92.0,92.0
2016-08-09,8.725000000000023,10.219000000000051,982.0,988.0,92.0,92.0
2016-08-10,8.699000000000012,11.78000000000003,988.0,996.0,0.0,92.0
2016-08-11,7.784000000000049,12.977000000000032,991.0,996.0,20.0,92.0
2016-08-12,6.393000000000029,13.198000000000036,988.0,997.0,48.0,92.0
2016-08-13,10.927999999999997,13.189999999999998,988.0,994.0,92.0,92.0
2016-08-14,10.349000000000046,13.573000000000036,994.0,1001.0,24.0,92.0
2016-08-15,9.324000000000012,15.485000000000014,1001.0,1003.0,8.0,64.0
2016-08-16,7.994000000000028,18.88100000000003,1000.0,1003.0,0.0,36.0
2016-08-17,9.067000000000007,19.16500000000002,995.0,1000.0,0.0,0.0
2016-08-18,10.40100000000001,18.473000000000013,994.0,996.0,0.0,64.0
2016-08-19,9.54400000000004,17.879999999999995,991.0,994.0,8.0,80.0
2016-08-20,8.670000000000016,19.0,988.0,1007.0,8.0,92.0
2016-08-21,14.0,21.0,1006.0,1012.0,20.0,75.0
2016-08-22,15.0,18.0,1012.0,1018.0,12.0,75.0
2016-08-23,12.0,19.0,1019.0,1024.0,0.0,92.0
2016-08-24,14.0,21.0,1018.0,1024.0,20.0,75.0
2016-08-25,15.0,19.0,1016.0,1019.0,75.0,92.0
2016-08-26,14.0,20.0,1004.0,1015.0,40.0,92.0
2016-08-27,12.0,18.0,1014.0,1021.0,0.0,92.0
2016-08-28,10.0,18.0,1012.0,1019.0,0.0,75.0
2016-08-29,13.0,17.0,1011.0,1017.0,20.0,100.0
2016-08-30,12.0,17.0,1015.0,1020.0,20.0,92.0
2016-08-31,14.0,18.0,1011.0,1019.0,0.0,90.0
2016-09-01,10.835333300000059,17.0,1011.0,1028.0,40.0,92.0
2016-09-02,13.0,17.0,1008.0,1014.0,75.0,92.0
2016-09-03,10.0,17.0,1008.0,1010.0,40.0,92.0
2016-09-04,7.0,19.0,1008.0,1012.0,0.0,20.0
2016-09-05,9.0,20.0,1012.0,1020.0,0.0,40.0
2016-09-06,16.0,18.0,1017.0,1020.0,75.0,92.0
2016-09-07,14.0,19.0,1016.0,1019.0,75.0,100.0
2016-09-08,15.0,22.0,1007.0,1016.0,20.0,75.0
2016-09-09,14.0,20.0,1007.0,1012.0,40.0,92.0
2016-09-10,13.0,18.0,1007.0,1011.0,75.0,100.0
2016-09-11,13.0,17.0,1004.0,1017.0,20.0,92.0
2016-09-12,13.0,20.0,1015.0,1017.0,20.0,75.0
2016-09-13,16.0,26.0,1016.0,1018.0,0.0,75.0
2016-09-14,16.0,23.0,1018.0,1019.0,0.0,75.0
2016-09-15,15.0,26.0,1016.0,1019.0,0.0,24.0
2016-09-16,15.0,25.0,1012.0,1016.0,0.0,40.0
2016-09-17,14.0,21.0,1016.0,1024.0,0.0,75.0
2016-09-18,13.0,20.0,1021.0,1024.0,0.0,75.0
2016-09-19,9.44300000000004,16.397000000000048,1000.0,1021.0,0.0,20.0
2016-09-20,8.047000000000025,15.66500000000002,1000.0,1002.0,0.0,92.0
2016-09-21,7.353000000000009,16.225000000000023,999.0,1016.0,0.0,92.0
2016-09-22,10.975000000000023,13.314999999999998,997.0,1002.0,32.0,100.0
2016-09-23,9.75200000000001,11.599000000000046,995.0,999.0,32.0,92.0
2016-09-24,8.635000000000048,13.472000000000037,996.0,1010.0,88.0,100.0
2016-09-25,13.472000000000037,18.091000000000008,992.0,1007.0,0.0,100.0
2016-09-26,10.45900000000006,12.506000000000029,995.0,1002.0,92.0,100.0
2016-09-27,9.969000000000051,12.703000000000031,988.0,1002.0,44.0,92.0
2016-09-28,9.64100000000002,10.805000000000007,984.0,989.0,92.0,92.0
2016-09-29,7.4290000000000305,14.16700000000003,970.0,988.0,92.0,100.0
2016-09-30,7.4290000000000305,8.338000000000022,975.0,982.0,92.0,92.0
2016-10-01,4.909000000000049,8.997000000000014,982.0,1001.0,8.0,92.0
2016-10-02,1.646000000000015,11.899000000000058,990.0,1009.0,0.0,8.0
2016-10-03,-0.3629999999999427,11.420999999999992,1002.0,1028.0,0.0,0.0
2016-10-04,0.8780000000000427,11.686000000000035,1017.0,1037.0,0.0,0.0
2016-10-05,-0.3629999999999427,10.965000000000032,1021.0,1024.0,0.0,0.0
2016-10-06,-0.8849999999999909,12.579000000000065,1014.0,1021.0,0.0,0.0
2016-10-07,0.27700000000004366,12.918000000000006,1010.0,1024.0,0.0,8.0
2016-10-08,-0.08699999999998909,10.290999999999997,1011.0,1025.0,0.0,0.0
2016-10-09,-2.058999999999969,8.98599999999999,1011.0,1013.0,0.0,76.0
2016-10-10,3.312999999999988,10.564999999999998,1012.0,1013.0,0.0,64.0
2016-10-11,-1.1609999999999445,9.524000000000058,1012.0,1027.0,0.0,32.0
2016-10-12,-2.1229999999999905,9.232000000000028,1011.0,1026.0,0.0,12.0
2016-10-13,-2.728999999999985,8.41900000000004,1008.0,1023.0,0.0,0.0
2016-10-14,1.2080000000000268,9.129000000000019,1002.0,1015.0,0.0,64.0
2016-10-15,6.449000000000012,9.41900000000004,998.0,1002.0,36.0,92.0
2016-10-16,7.501791500000024,9.63900000000001,1001.0,1023.0,0.0,92.0
2016-10-17,8.822000000000003,11.148000000000025,997.0,1004.0,0.0,92.0
2016-10-18,8.734000000000037,9.923000000000002,990.0,997.0,56.0,92.0
2016-10-19,3.177000000000021,10.800000000000011,991.0,1002.0,0.0,92.0
2016-10-20,0.6229999999999905,9.160000000000025,1002.0,1004.0,0.0,92.0
2016-10-21,3.7630000000000337,7.9640000000000555,1004.0,1005.0,0.0,92.0
2016-10-22,3.7630000000000337,7.2760000000000105,1003.0,1005.0,68.0,92.0
2016-10-23,4.198000000000036,6.282000000000039,1000.0,1003.0,32.0,92.0
2016-10-24,2.156000000000006,8.588000000000022,1000.0,1004.0,0.0,68.0
2016-10-25,-1.5359999999999445,6.286000000000001,1004.0,1005.0,0.0,92.0
2016-10-26,3.8240000000000123,9.164000000000044,995.0,1005.0,92.0,100.0
2016-10-27,7.860000000000014,9.38900000000001,992.0,998.0,92.0,92.0
2016-10-28,6.44500000000005,9.38900000000001,991.0,1002.0,92.0,92.0
2016-10-29,6.534000000000049,7.849000000000046,1002.0,1007.0,80.0,92.0
2016-10-30,5.462000000000046,8.312999999999988,1007.0,1007.0,12.0,92.0
2016-10-31,6.249000000000024,8.777000000000044,998.0,1006.0,88.0,92.0
2016-11-01,4.935000000000002,7.003000000000043,991.0,1011.0,75.0,92.0
2016-11-02,0.0,9.0,1009.0,1016.0,20.0,40.0
2016-11-03,-1.0,7.0,1011.0,1017.0,20.0,75.0
2016-11-04,4.0,6.0,1002.0,1010.0,75.0,92.0
2016-11-05,2.0,6.0,999.0,1003.0,40.0,88.0
2016-11-06,-2.0,4.0,1003.0,1015.0,0.0,88.0
2016-11-07,-5.0,1.0,1015.0,1018.0,0.0,76.0
2016-11-08,-8.0,0.0,1012.0,1018.0,0.0,0.0
2016-11-09,-3.0,2.0,1008.0,1012.0,0.0,40.0
2016-11-10,-2.0,4.0,1007.0,1017.0,0.0,75.0
2016-11-11,-5.0,6.0,1018.0,1023.0,0.0,75.0
2016-11-12,2.0,8.0,1017.0,1022.0,40.0,92.0
2016-11-13,4.0,8.0,1017.0,1024.0,40.0,92.0
2016-11-14,7.0,11.0,1014.0,1024.0,75.0,92.0
2016-11-15,7.0,11.0,1009.0,1014.0,0.0,92.0
2016-11-16,5.0,10.0,993.0,1012.0,40.0,75.0
2016-11-17,3.0,8.0,982.0,992.0,40.0,75.0
2016-11-18,2.0,7.0,976.0,986.0,40.0,75.0
2016-11-19,1.0,7.0,987.0,995.0,20.0,90.0
2016-11-20,2.0,5.0,991.0,996.0,40.0,75.0
2016-11-21,3.0,7.0,992.0,1005.0,40.0,75.0
2016-11-22,4.0,10.0,998.0,1004.0,20.0,92.0
2016-11-23,3.0,9.0,1004.0,1023.0,40.0,92.0
2016-11-24,2.0,9.0,1005.0,1026.0,40.0,92.0
2016-11-25,7.0,9.0,1018.0,1026.0,75.0,92.0
2016-11-26,5.0,10.0,1012.0,1018.0,40.0,90.0
2016-11-27,-2.0,8.0,1015.0,1030.0,0.0,40.0
2016-11-28,-4.0,3.0,1031.0,1033.0,0.0,75.0
2016-11-29,0.0,8.0,1018.0,1031.0,40.0,92.0
2016-11-30,3.0,8.0,1013.0,1018.0,40.0,90.0
2016-12-01,3.0,9.0,1010.0,1015.0,40.0,75.0
2016-12-02,-3.0,6.0,1017.0,1025.0,0.0,20.0
2016-12-03,-4.0,8.0,1023.0,1025.0,0.0,75.0
2016-12-04,6.0,8.0,1024.0,1026.0,40.0,88.0
2016-12-05,5.0,8.0,1023.0,1025.0,20.0,92.0
2016-12-06,-1.0,6.0,1024.0,1028.0,0.0,75.0
2016-12-07,5.0,6.0,1025.0,1025.0,75.0,75.0
